{"cameraMode":{"drawMode":0,"name":"Shaded","section":"Shading Mode"},"sceneLighting":true,"audioPlay":false,"sceneViewState":{"showFog":true,"showMaterialUpdate":true,"showSkybox":true,"showFlares":true,"showImageEffects":true,"showParticleSystems":true},"in2DMode":false,"pivot":{"x":-5.789548397064209,"y":1.0204933881759644,"z":3.240000009536743},"rotation":{"x":0.008652704767882824,"y":0.9833800196647644,"z":-0.17469114065170289,"w":0.04870252311229706},"size":14.54985237121582,"orthographic":false}