{"cameraMode":{"drawMode":0,"name":"Shaded","section":"Shading Mode"},"sceneLighting":true,"audioPlay":false,"sceneViewState":{"showFog":true,"showMaterialUpdate":true,"showSkybox":true,"showFlares":true,"showImageEffects":true,"showParticleSystems":true},"in2DMode":false,"pivot":{"x":-5.6596360206604,"y":2.1983656883239748,"z":2.6832518577575685},"rotation":{"x":-0.27867186069488528,"y":-0.3251642882823944,"z":0.10090746730566025,"w":-0.8980132937431336},"size":14.54985523223877,"orthographic":false}